,count,unique,top,freq,mean,std,min,25%,50%,75%,max
series_id,413971,165,rrv_t25_l1500,7583,,,,,,,
timestamp,413971,399902,2022-12-06 15:53:29,2,,,,,,,
vehicle,413971,3,rrv,191701,,,,,,,
load,413971.0,,,,759.1437564467076,1150.129965421859,0.0,0.0,0.0,1500.0,3000.0
coldStart,413971.0,,,,0.26826275270489963,0.44305566512700106,0.0,0.0,0.0,1.0,1.0
gps_alt,413971.0,,,,1377.2495733477301,74.29217141063984,0.0,1318.1,1367.5,1423.76,1561.9
gps_speed,413971.0,,,,35.976215177713726,25.64290766395088,0.0,12.2,38.3,55.2,140.04000000000002
humidity,413971.0,,,,45.016000967861686,18.440400974634983,6.2,33.4,44.260000000000005,58.14,97.4
pressure,413971.0,,,,873.1663715171675,9.14212292012019,847.0,867.0,874.0,880.0,895.0
temp,413971.0,,,,22.332649026139517,5.055969433343103,10.4,18.8,22.9,26.2,33.6
rpm,413971.0,,,,1560.9488398945816,681.7827337941849,0.0,996.0,1526.0,2071.0,5326.2
speed_vehicle,413971.0,,,,36.18469061178199,25.74369776482705,0.0,12.0,38.735,55.575,139.206
throttle,413971.0,,,,53.10815655676602,37.01281647562878,0.0,17.254902,34.901962,97.254906,100.0
manifold_pressure,413971.0,,,,75.04315270038741,42.50832667440649,0.0,32.94,77.918,94.0,189.6
manifold_temp,413971.0,,,,34.285571014233696,7.365215185064412,0.0,29.0,33.6,40.0,63.0
coolant_temp,413971.0,,,,87.19533163756238,7.873790748280516,0.0,84.0,86.0,93.0,102.0
fuel_flow,413971.0,,,,1.5781631832906162,2.2501855692737163,-0.593,0.335,0.58,1.5584,11.628
fuel_rate,413971.0,,,,0.0005040410423676971,0.0006957918659559738,-0.000209,0.000113,0.000192,0.0005294,0.0036116
air_fuel_ratio,413971.0,,,,71.7388539362258,115.39468541002405,12.33,14.63,22.77,63.884,450.0
CO,413971.0,,,,0.017203487388005437,0.04930174337856689,0.0,0.00069,0.004288,0.01376,1.861396
CO2,413971.0,,,,4.951635391931642,7.088639885007689,0.0,1.0588000000000002,1.834,4.924,36.6304
NOx,413971.0,,,,0.034956006932047576,0.06144432812330536,0.0,0.00012,0.00179,0.0341,0.34123
