model,pollutant,MAE,RMSE,MAPE,R2,NMAE,NRMSE
Persistence,CO,0.0074844990210911,0.0243228445480519,47.06724857890382,0.7083755718885174,0.1661729496026119,0.5400226267497538
Persistence,CO2,1.1984767088391013,2.457259100412112,44.40835170955326,0.8895211403986707,0.1621131485400902,0.3323836054623547
Persistence,NOx,0.0064699279963297,0.0146720700705727,43.90553944507,0.9506803401643726,0.097930523359145,0.2220802923291133
Persistence,MACRO_AVG,,,45.12704657784236,0.8495256841505202,0.1420722071672824,0.3648288415137406
Uni-LSTM,CO,0.0042980876751244,0.010696105659008,100.64195394515993,0.9436042308807372,0.0954273498618123,0.2374779422924466
Uni-LSTM,CO2,0.4224478304386139,0.7611650824546814,29.4499009847641,0.9893992887809872,0.0571428275420311,0.102959754799934
Uni-LSTM,NOx,0.0033164075575768,0.0067680710926651,65.97240567207336,0.9895053701475264,0.0501980127089461,0.102443295290549
Uni-LSTM,MACRO_AVG,,,65.35475353399913,0.974169629936417,0.0675893967042632,0.1476269974609766
Bi-LSTM,CO,0.004056776408106,0.0104672415181994,90.4961109161377,0.9459918066859244,0.0900696893290528,0.2323966363520945
Bi-LSTM,CO2,0.406148612499237,0.7332001328468323,29.304194450378414,0.9901639129966496,0.0549380975548685,0.0991770479719601
Bi-LSTM,NOx,0.003254011971876,0.0067965285852551,57.98124074935913,0.9894169317558408,0.049253576794597,0.1028740353458331
Bi-LSTM,MACRO_AVG,,,59.26051537195841,0.975190883812805,0.0647537878928394,0.1448159065566292
Hybrid,CO,0.0040493682026863,0.0105680078268051,90.02904295921326,0.9449469409883022,0.0899052102714168,0.2346338782402136
Hybrid,CO2,0.4097839295864105,0.748100757598877,27.725088596343998,0.9897600589320064,0.0554298323500438,0.1011925958553296
Hybrid,NOx,0.0031302436254918,0.006593701429665,61.103105545043945,0.9900391632691026,0.0473801867130423,0.0998039904381233
Hybrid,MACRO_AVG,,,59.61907903353373,0.9749153877298036,0.0642384097781676,0.1452101548445555
