model,pollutant,MAE_mean,MAE_std,RMSE_mean,RMSE_std,MAPE_mean,MAPE_std,R2_mean,R2_std,NMAE_mean,NMAE_std,NRMSE_mean,NRMSE_std
Bi-LSTM,CO,0.0040710444251695664,1.643118262378034e-05,0.010611366170147999,0.0001819251441239072,93.70068113009135,4.3990204494196945,0.944483401874701,0.0019104485829815985,0.09038647185167013,0.000364809732001439,0.23559653235812794,0.004039153151167252
Bi-LSTM,CO2,0.4129897157351176,0.0076699881246099205,0.7445428570111593,0.012379169234566119,29.848246773084004,0.5284143675777545,0.9898553580666581,0.0003379001444591289,0.055863466213998035,0.0010374886011344068,0.10071133288024332,0.001674480685461139
Bi-LSTM,MACRO_AVG,,,,,62.00874944527944,2.466185858842624,0.9746174093128905,0.0007454597223777562,0.065083611035141,0.0003599537256084664,0.1462369134900202,0.0018853917975682336
Bi-LSTM,NOx,0.003237318169946433,2.1393421413312198e-05,0.006765400680402866,3.4568604810845115e-05,62.477320432662964,4.085042043671183,0.9895134679973125,0.00010709250667723974,0.049000895039754834,0.00032381642525837554,0.1024028752316893,0.0005232394491629036
Hybrid,CO,0.0041133283327023,0.00010885622317071524,0.010750596411526167,0.000294575203681511,95.47390937805176,8.390692219498948,0.9429996373752753,0.0031466404654644036,0.09132527104392486,0.0024168564436852155,0.23868776128587488,0.006540241415972325
Hybrid,CO2,0.4094963073730469,0.008451214352660942,0.7436150312423706,0.009935272581817154,28.84632150332133,2.513253316896931,0.9898812873288989,0.00026938246605944237,0.05539092684420077,0.0011431619468217967,0.10058582960131797,0.001343904564822539
Hybrid,MACRO_AVG,,,,,61.822277307510376,2.791541942062841,0.9743028772580954,0.0011057370099642712,0.06465084440681736,0.0006042961417849241,0.14637831522277492,0.0024775262509707874
Hybrid,NOx,0.003120739866668933,3.5610441454663955e-05,0.006597491291662,3.8239898885218366e-06,61.14660104115804,1.4912416282882666,0.9900277070701122,1.1560484385265321e-05,0.04723633533232654,0.0005390089612563442,0.09986135478113185,5.788091170631075e-05
Uni-LSTM,CO,0.004155470523983233,0.00012659056722285296,0.010517916331688533,0.0001715329433072389,90.59059619903564,8.83781666715412,0.9454579316079617,0.0017805037560770641,0.0922609238121508,0.0028105993317669416,0.23352173279533264,0.00380842258954904
Uni-LSTM,CO2,0.4221225678920746,0.003984228983742122,0.7579580744107565,0.00420960306916912,31.569767991701763,1.8978458577917314,0.9894882117708524,0.00011660411805509754,0.057098830578942265,0.0005389307112065322,0.10252595565510315,0.0005694161618777537
Uni-LSTM,MACRO_AVG,,,,,64.26399317052629,3.733272708864161,0.9748233311499158,0.0006390616491994534,0.06619996174768963,0.0012204187893697016,0.14613246593961376,0.0014953025043281613
Uni-LSTM,NOx,0.0032531236453602,7.12865245038454e-05,0.006761888197312699,6.703217427174801e-05,70.63161532084148,9.704899387180284,0.9895238500709335,0.00020755130652998674,0.04924013085197584,0.001079011490866348,0.10234970936840537,0.0010146165323726474
