stratum,trip,split,rows
etios,etios_t5_l0,train,5514
etios,etios_t6_l0,train,5010
etios,etios_t10_l0,train,4809
etios,etios_t7_l0,train,5443
etios,etios_t3_l0,train,5611
etios,etios_t2_l0,train,5668
etios,etios_t4_l0,val,6161
etios,etios_t9_l0,test,4988
etios,etios_t1_l0,train,5859
etios,etios_t8_l0,test,5648
figo,figo_t21_l0,train,5538
figo,figo_t17_l0,train,5236
figo,figo_t18_l0,train,5782
figo,figo_t9_l0,train,5548
figo,figo_t14_l0,train,5474
figo,figo_t11_l0,train,6063
figo,figo_t25_l0,train,4862
figo,figo_t15_l0,train,5853
figo,figo_t2_l0,train,5415
figo,figo_t7_l0,train,5821
figo,figo_t29_l0,train,5233
figo,figo_t5_l0,train,5761
figo,figo_t12_l0,train,5114
figo,figo_t3_l0,train,5268
figo,figo_t1_l0,train,6278
figo,figo_t6_l0,train,5777
figo,figo_t22_l0,train,5417
figo,figo_t27_l0,val,5481
figo,figo_t16_l0,test,5564
figo,figo_t8_l0,train,6032
figo,figo_t20_l0,val,5610
figo,figo_t4_l0,test,5227
figo,figo_t19_l0,train,5703
figo,figo_t23_l0,test,5640
figo,figo_t30_l0,val,5630
figo,figo_t28_l0,train,5243
figo,figo_t13_l0,test,5790
figo,figo_t10_l0,val,6442
figo,figo_t24_l0,train,5387
figo,figo_t26_l0,test,5370
rrv,rrv_t2_l0,train,6268
rrv,rrv_t28_l1500,train,6552
rrv,rrv_t25_l1500,train,7583
rrv,rrv_t27_l1500,train,6860
rrv,rrv_t18_l3000,train,7099
rrv,rrv_t22_l1500,train,6870
rrv,rrv_t7_l0,train,6683
rrv,rrv_t23_l1500,train,7034
rrv,rrv_t19_l3000,train,6969
rrv,rrv_t17_l3000,train,6997
rrv,rrv_t20_l3000,train,7100
rrv,rrv_t5_l0,train,6173
rrv,rrv_t16_l3000,train,7100
rrv,rrv_t12_l3000,train,7114
rrv,rrv_t8_l0,train,6312
rrv,rrv_t1_l0,train,6554
rrv,rrv_t3_l0,val,6981
rrv,rrv_t14_l3000,test,6456
rrv,rrv_t30_l1500,train,6097
rrv,rrv_t24_l1500,test,7034
rrv,rrv_t29_l1500,val,7012
rrv,rrv_t21_l1500,train,7327
rrv,rrv_t13_l3000,test,7111
rrv,rrv_t11_l3000,val,7035
rrv,rrv_t6_l0,train,6760
rrv,rrv_t4_l0,test,6411
rrv,rrv_t15_l3000,val,6969
rrv,rrv_t26_l1500,train,7240
